,p(d),P(d),r(d),L(d),1/L(d),H(d),h(d),r_
0.0,0.18254560048309654,3.39869816939017,4.473679734341893,1.5606575028925258,0.640755577791154,5.478083269898354,3.5101124107917743,1
0.005,0.18208980646180808,3.390212036053226,4.443954397330079,1.571096644721112,0.6364980813624687,5.491795611358081,3.4955173698642446,1
0.01,0.18163515050240278,3.3817470915525436,4.414426570134106,1.581605613325858,0.6322688738421732,5.505542276558256,3.480983015089963,1
0.015,0.18118162976327937,3.373303282982192,4.385094940401242,1.5921848757737656,0.6280677672647925,5.519323351415581,3.4665090941360157,1
0.02,0.1807292414099318,3.36488055756834,4.355958204498664,1.6028349022560175,0.6238945749137874,5.533138922061817,3.452095355718689,1
0.025,0.1802779826149313,3.3564788626689253,4.327015067455542,1.6135561661088789,0.6197491113132547,5.54698907484433,3.437741549599106,1
0.03,0.179827850557909,3.3480981457733288,4.298264242905462,1.6243491438347288,0.6156311922196858,5.560873896326616,3.423447426578884,1
0.035,0.1793788424255381,3.3397383545020425,4.2697044530292665,1.6352143151232432,0.6115406346137765,5.574793473288857,3.4092127384958064,1
0.04,0.1789309554115162,3.3313994366063424,4.241334428498262,1.646152162872713,0.6074772566922928,5.588747892728453,3.3950372382195124,1
0.045,0.17848418671654814,3.3230813399679664,4.213152908417799,1.6571631732115042,0.603440877859992,5.60273724186057,3.3809206796472124,1
0.05,0.17803853354832805,3.314784012598782,4.185158640271233,1.6682478355196668,0.5994313187215947,5.616761608118688,3.3668628176994106,1
0.055,0.1775939931215222,3.306507402640467,4.157350379864262,1.679406642450684,0.5954484010738127,5.630821079155139,3.352863408315648,1
0.06,0.17715056265775142,3.2982514583641813,4.129726891269623,1.6906400899533676,0.5914919478974279,5.6449157428416665,3.338922208450273,1
0.065,0.17670823938557395,3.2900161281702474,4.102286946772166,1.7019486772938992,0.5875617833494259,5.65904568726996,3.3250389760682153,1
0.07,0.17626702054046786,3.2818013605878242,4.075029326814284,1.7133329070780225,0.58365773275518,5.673211000752221,3.3112134701407867,1
0.075,0.17582690336481394,3.273607104274588,4.047952819941716,1.7247932852733803,0.5797796226006873,5.687411771821704,3.297445450641494,1
0.08,0.17538788510787837,3.2654333080164086,4.0210562227496975,1.736330321232001,0.5759272805248583,5.7016480892332755,3.283734678541875,1
0.085,0.17494996302579569,3.257279920727035,3.994338339829482,1.7479445277129357,0.5721005353118561,5.7159200419639635,3.2700809158073505,1
0.09,0.17451313438155142,3.2491468914477695,3.9677979837152084,1.7596364209050526,0.5682992168834852,5.730227719213521,3.2564839253930833,1
0.095,0.1740773964449651,3.2410341693471514,3.9414339748311256,1.7714065204499738,0.564523156291634,5.744571210404977,3.2429434712398693,1
0.1,0.1736427464926732,3.232941703720642,3.915245141439165,1.7832553494651715,0.5607721857107659,5.758950605185197,3.2294593182700413,1
0.105,0.17320918180811212,3.2248694439903045,3.8892303195868667,1.7951834345672195,0.55704613843046,5.773365993425446,3.216031232383381,1
0.11,0.17277669968150117,3.2168173397044897,3.8633883530556408,1.8071913058951967,0.5533448488480015,5.787817465221949,3.2026589804530627,1
0.115,0.17234529740982568,3.2087853405375197,3.8377180933093897,1.8192794971342492,0.5496681524610221,5.802305110896448,3.189342330321596,1
0.12,0.17191497229682,3.200773396289373,3.8122183994434544,1.8314485455393115,0.546015885860188,5.81682902099678,3.1760810507968067,1
0.125,0.17148572165295084,3.192781456885373,3.786888138133909,1.8436989919589817,0.5423878867219383,5.8313892862974255,3.1628749116478128,1
0.13,0.17105754279540017,3.184809472375871,3.7617261835871942,1.8560313808595637,0.5387839938012691,5.845985997800096,3.1497236836010325,1
0.135,0.17063043304804884,3.176857392935939,3.736731417490076,1.8684462603492584,0.535204046924569,5.86061924673428,3.136627138336206,1
0.14,0.1702043897414595,3.168925168865054,3.7119027289599464,1.8809441822025323,0.5316478869824985,5.875289124557835,3.1235850484824264,1
0.145,0.16977941021286008,3.1610127505867904,3.6872390144954514,1.8935257018846363,0.5281153559229191,5.889995722957543,3.1105971876141942,1
0.15,0.16935549180612713,3.1531200886485067,3.6627391779274436,1.9061913785762945,0.5246062967438688,5.904739133849693,3.0976633302474874,1
0.155,0.1689326318717693,3.1452471337210417,3.638402130370264,1.9189417751985542,0.5211205534865847,5.919519449380651,3.084783251835848,1
0.16,0.16851082776691056,3.137393836598401,3.6142267901733494,1.9317774584378098,0.51765797122857,5.934336761927437,3.071956728766479,1
0.165,0.1680900768552739,3.1295601481974518,3.590212082873156,1.9446989987709844,0.5142183960767103,5.949191164098302,3.0591835383563657,1
0.17,0.1676703765071648,3.1217460195576168,3.5663569411454046,1.957706970490886,0.5108016751604325,5.964082748733308,3.0464634588484105,1
0.17500000000000002,0.1672517240994546,3.1139514018405645,3.54266030475765,1.9708019517317341,0.5074076566249109,5.979011608904909,3.033796269407578,1
0.18,0.1668341170155645,3.1061762463299116,3.5191211205221498,1.9839845244948486,0.5040361896243191,5.9939778379185285,3.0211817501170692,1
0.185,0.16641755264544883,3.098420504430909,3.4957383422490635,1.9972552746745227,0.5006871243151241,6.008981529313146,3.0086196819744955,1
0.19,0.1660020283855789,3.090684127670145,3.4725109306999546,2.010614792084061,0.4973603118494273,6.024022776861882,2.996109846888079,1
0.195,0.16558754163892675,3.0829670676952396,3.4494378535415935,2.0240636704819908,0.4940556043683496,6.039101674572584,2.9836520276728704,1
0.2,0.16517408981494888,3.0752692762745437,3.426518085300089,2.0376025075984545,0.49077285499545903,6.054218316688409,2.9712460080469727,1
0.20500000000000002,0.16476167032957004,3.067590705296835,3.4037506073153008,2.0512319051617753,0.4875119178302429,6.069372797688422,2.9588915726277896,1
0.21,0.16435028060516707,3.05993130677102,3.3811344076955714,2.0649524689252003,0.4842726479416236,6.084565212288178,2.946588506928283,1
0.215,0.1639399180705529,3.0522910328258326,3.3586684812727507,2.078764808693821,0.48105490136151763,6.0997956554403165,2.934336597353255,1
0.22,0.16353058016096028,3.044669835709536,3.336351829557521,2.092669538351679,0.47785853507843584,6.1150642223351594,2.922135631195634,1
0.225,0.16312226431802604,3.0370676677896244,3.314183460695021,2.1066672758890475,0.47468340703112877,6.130371008401296,2.9099853966327838,1
0.23,0.16271496798977478,3.029484481552523,3.292162389420765,2.120758643429899,0.4715293761022715,6.145716109306191,2.8978856827228276,1
0.23500000000000001,0.1623086886306031,3.0219202296032917,3.270287637016848,2.1349442672595553,0.46839630211219246,6.161099620956775,2.885836279400984,1
0.24,0.16190342370126373,3.014374864665333,3.2485582312684507,2.1492247778525213,0.465284045812643,6.176521639500046,2.87383697747592,1
0.245,0.16149917066884953,3.0068483395800913,3.226973206420631,2.1636008099005077,0.4621924688806086,6.191982261323669,2.8618875686261203,1
0.25,0.16109592700677772,2.9993406073067597,3.2055316031353978,2.1780730023406383,0.45912143391216126,6.207481583056581,2.8499878453962704,1
0.255,0.1606936901947741,2.991851620921987,3.184232468449075,2.192641998383848,0.4560708044163524,6.223019701569594,2.838137601193654,1
0.26,0.16029245771885728,2.9843813336195844,3.1630748557299486,2.207308445543472,0.45304044480914635,6.238596713976,2.826336630284566,1
0.265,0.159892227071323,2.9769296987102316,3.1420578246361934,2.2220729956640186,0.45003022040739554,6.254212717632176,2.8145847277907445,1
0.27,0.1594929957507284,2.969496669621186,3.1211804410740775,2.2369363049501465,0.4470399974228531,6.269867810138196,2.8028816896858086,1
0.275,0.1590947612618764,2.9620821998959923,3.100441777156452,2.251899033995825,0.44406964295622764,6.2855620893384385,2.7912273127917206,1
0.28,0.1586975211158002,2.95468624319419,3.079840911161506,2.266961847813699,0.44111902499127587,6.3012956533222,2.7796213947752535,1
0.28500000000000003,0.15830127282974754,2.947308753291025,3.059376927491804,2.28212541586464,0.4381880123889358,6.317068600424309,2.7680637341444845,1
0.29,0.1579060139271654,2.9399496840771637,3.0390489166335932,2.297390412087498,0.4352764748814988,6.332881029225732,2.7565541302452945,1
0.295,0.15751174193768433,2.932608989558397,3.018855975116377,2.3127575149290664,0.432384283066818,6.348733038554202,2.7450923832578793,1
0.3,0.15711845439710306,2.9252866238553614,2.998797205472764,2.3282274073742224,0.429511308402559,6.3646247274848315,2.7336782941932904,1
0.305,0.15672614884737326,2.9179825412032474,2.9788717161985807,2.3438007769762867,0.4266574232004862,6.380556195340724,2.722311664889972,1
0.31,0.15633482283658393,2.910696695951515,2.959078621713244,2.3594783158875834,0.4238225006207875,6.396527541693609,2.710992298010324,1
0.315,0.15594447391894622,2.903429042563607,2.9394170423204087,2.375260720890201,0.421006414666437,6.41253886636445,2.699719997037276,1
0.32,0.15555509965477815,2.896179535616666,2.919886104168865,2.3911486934269583,0.4182090401775956,6.428590269424081,2.6884945662708755,1
0.325,0.15516669761048926,2.8889481298012503,2.9004849392137033,2.4071429396325863,0.4154302528260473,6.444681851193822,2.677315810824888,1
0.33,0.15477926535856557,2.88173477992105,2.8812126851777307,2.4232441703651006,0.4126699291096753,6.460813712246112,2.666183536623421,1
0.335,0.1543928004775542,2.874539440892605,2.8620684855131526,2.4394531012374094,0.40992794634697066,6.476985953405134,2.6550975503975427,1
0.34,0.15400730055204837,2.8673620677450224,2.843051489363497,2.4557704526491086,0.4072041826715815,6.4931986757474505,2.644057659681936,1
0.34500000000000003,0.15362276317267234,2.860202615619698,2.8241608515258063,2.4721969498184997,0.4044985170268965,6.509451980602625,2.633063672811556,1
0.35000000000000003,0.1532391859360662,2.853061039770031,2.805395732413066,2.4887333228148307,0.40181082916066335,6.52574596955387,2.6221153989182975,1
0.355,0.152856566444871,2.8459372955611504,2.786755298016894,2.5053803065907325,0.39914099961964594,6.542080744438666,2.6112126479276867,1
0.36,0.15247490230771363,2.83883133846963,2.7682387198704714,2.5221386410148927,0.3964889097443138,6.558456407349412,2.6003552305555773,1
0.365,0.15209419113919206,2.8317431240832174,2.7498451750117208,2.5390090709049304,0.3938544416635696,6.574873060634051,2.589542958304869,1
0.37,0.1517144305598602,2.8246726081005478,2.7315738459467314,2.5559923460605094,0.3912374782895091,6.591330806896722,2.5787756434622287,1
0.375,0.1513356181962132,2.8176197463308736,2.713423920613427,2.573089221296654,0.3886379033122183,6.607829748998393,2.568053099094837,1
0.38,0.15095775168067252,2.8105844946937855,2.695394592345471,2.5903004564772996,0.3860556011946036,6.624369990057506,2.557375139047141,1
0.385,0.1505808286515713,2.8035668092189394,2.6774850598364175,2.6076268165490633,0.38349045716725727,6.640951633450618,2.5467415779376212,1
0.39,0.15020484675313928,2.796566646045776,2.6596945271040955,2.6250690715752483,0.38094235722335534,6.657574782813059,2.5361522311555746,1
0.395,0.14982980363548842,2.7895839614232543,2.6420222034552334,2.642627996770058,0.37841118811359226,6.6742395420395635,2.5256069148579092,1
0.4,0.14945569695459804,2.7826187117095724,2.6244673034503148,2.660304372533058,0.3758968373411466,6.690946015284932,2.5151054459659528,1
0.405,0.1490825243723001,2.775670853371896,2.6070290468686723,2.67809898448386,0.37339919315668096,6.707694306964676,2.504647642162272,1
0.41000000000000003,0.1487102835562648,2.768740342986089,2.58970665867381,2.6960126234970336,0.3709181445533763,6.724484521755674,2.4942333218875126,1
0.41500000000000004,0.14833897217998582,2.7618271372364385,2.572499368978956,2.7140460857372637,0.36845358126199707,6.741316764596822,2.4838623043372383,1
0.42,0.14796858792276582,2.754931192915386,2.555406413012848,2.732200172694728,0.36600539374599156,6.758191140689694,2.473534409458803,1
0.425,0.14759912846970202,2.7480524669232573,2.5384270310857384,2.750475691220723,0.36357347319662275,6.775107755499193,2.463249457948217,1
0.43,0.14723059151167162,2.741190916267992,2.521560468555638,2.7688734535635278,0.3611577115281323,6.79206671475422,2.453007271247034,1
0.435,0.14686297474531743,2.734346498064877,2.5048059757947674,2.7873942774044944,0.3587580013729376,6.8090681244483235,2.4428076715392573,1
0.44,0.14649627587303346,2.7275191695362753,2.488162808156247,2.8060389858943995,0.35637423607685875,6.826112090840369,2.4326504817482455,1
0.445,0.1461304926029506,2.7207088880113623,2.4716302259409964,2.824808407690021,0.3540063096943793,6.843198720455202,2.4225355255336445,1
0.45,0.14576562264892215,2.7139156109258553,2.455207494364864,2.8437033769909767,0.35165411698393645,6.860328120084317,2.4124626272883187,1
0.455,0.14540166373050978,2.707139295821751,2.4388938835259637,2.862724733576786,0.3493175534032453,6.8775003967865125,2.402431612135313,1
0.46,0.14503861357296904,2.7003799003470585,2.4226886683722406,2.8818733228442066,0.34699651510465085,6.894715657888574,2.3924423059248054,1
0.465,0.14467646990723526,2.693637382255533,2.406591128669242,2.901149995844804,0.34469089893051313,6.911974010985943,2.382494535231089,1
0.47000000000000003,0.14431523046990935,2.686911699406415,2.39060054896811,2.920555609322774,0.34240060240862275,6.9292755639433805,2.3725881273495624,1
0.47500000000000003,0.14395489300324366,2.6802028097641646,2.37471621857378,2.940091025753019,0.3401255237476462,6.946620424895648,2.362722910293729,1
0.48,0.14359545525512785,2.6735106713982004,2.3589374315133984,2.9597571133794855,0.3378655618326019,6.964008702248184,2.3528987127922116,1
0.485,0.1432369149790748,2.6668352424826347,2.3432634865049424,2.9795547462537524,0.33562061622036576,6.981440504677779,2.3431153642857776,1
0.49,0.1428792699342066,2.6601764812960154,2.327693686926054,2.9994848042738704,0.33339058713520797,6.998915941133255,2.3333726949243827,1
0.495,0.14252251788524065,2.6535343462210643,2.312227340783078,3.0195481732234755,0.3311753754643577,7.016435120836144,2.3236705355642164,1
0.5,0.1421666566024754,2.6469087957444146,2.2968637606803064,3.0397457448111584,0.32897488275359826,7.033998153281379,2.3140087177647684,1
0.505,0.1418116838617767,2.6402997884563546,2.2816022637894275,3.0600784167100934,0.3267890112028911,7.05160514823797,2.3043870737859025,1
0.51,0.1414575974445638,2.6337072830505677,2.26644217181918,3.0805470925979304,0.3246176636620302,7.069256215749689,2.2948054365849493,1
0.515,0.14110439513779532,2.6271312383238716,2.2513828109852008,3.1011526821969735,0.32246074362632227,7.086951466135773,2.285263639813796,1
0.52,0.14075207473395585,2.620571613175968,2.2364235119800866,3.12189610131459,0.32031815523230034,7.104691009991586,2.2757615178160133,1
0.525,0.1404006340310416,2.6140283666091775,2.221563609943641,3.1427782718839365,0.3181898032534604,7.122474958189341,2.2662989056239646,1
0.53,0.14005007083254709,2.607501457728187,2.206802444433327,3.1638001220049206,0.31607559309603084,7.1403034218787695,2.256875638955951,1
0.535,0.1397003829474512,2.600990845739796,2.192139359394915,3.1849625859854482,0.3139754307947682,7.158176512487826,2.2474915542133562,1
0.54,0.13935156819020345,2.594496489952656,2.177573703133323,3.2062666043829644,0.3118892230087793,7.176094341723389,2.2381464884778057,1
0.545,0.1390036243807105,2.588018349777025,2.163104828283652,3.227713124046234,0.3098168770173752,7.194057021571948,2.228840279508341,1
0.55,0.13865654934432248,2.581556384724505,2.148732091782416,3.2493030981574362,0.3077583007159487,7.212064664300307,2.2195727657386013,1
0.555,0.13831034091181915,2.575110554407792,2.1344548548389612,3.2710374862745364,0.30571340261188024,7.230117382456297,2.2103437862740156,1
0.56,0.1379649969193968,2.5686808185404275,2.1202724829070725,3.2929172543739127,0.3036820918204735,7.248215288869462,2.2011531808890155,1
0.5650000000000001,0.13762051520865426,2.56226713693654,2.1061843456567737,3.3149433748933066,0.3016642780609143,7.266358496651777,2.1920007900242484,1
0.5700000000000001,0.13727689362657977,2.5558694695105992,2.0921898169463127,3.337116826775033,0.29965987165225894,7.28454711919835,2.18288645478381,1
0.5750000000000001,0.1369341300255373,2.5494877762771626,2.0782882747943323,3.359438595509492,0.2976687835094483,7.302781270188131,2.1738100169324848,1
0.58,0.1365922222632533,2.543122017350628,2.0644791013522266,3.381909673178966,0.2956909251393484,7.3210610635846205,2.1647713188929987,1
0.585,0.136251168202803,2.5367721529449785,2.0507616828766793,3.4045310585017234,0.2937262086368168,7.3393866136365915,2.1557702037432818,1
0.59,0.13591096571259756,2.530438143373544,2.03713540970239,3.427303756876384,0.29177454668079716,7.3577580348787865,2.146806515213751,1
0.595,0.1355716126663702,2.5241199490487416,2.0235996762149746,3.4502287804266305,0.2898358525304363,7.376175442132654,2.1378800976845858,1
0.6,0.13523310694316332,2.5178175304818375,2.01015388082405,3.4733071480461675,0.28791004002123105,7.394638950507043,2.1289907961830368,1
0.605,0.13489544642731505,2.5115308482826952,1.996797425936496,3.4965398854440233,0.28599702356119716,7.413148675398946,2.12013845638073,1
0.61,0.1345586290084461,2.5052598631595306,1.9835297179298979,3.519928025190126,0.28409671812706616,7.4317047324941985,2.111322924590988,1
0.615,0.13422265258144642,2.4990045359186652,1.9703501671261592,3.543472606761209,0.28220903926050556,7.450307237768223,2.102544047766161,1
0.62,0.1338875150464623,2.492764827464284,1.9572581877652975,3.5671746765869923,0.2803339030643663,7.468956307486738,2.093801673494974,1
0.625,0.13355321430888306,2.4865406987981893,1.9442531979794084,3.5910352880967014,0.2784712261989533,7.487652058206485,2.0850956499998765,1
0.63,0.133219748279328,2.480332111019556,1.9313346197668046,3.615055501765888,0.2766209258783215,7.50639460677597,2.076425826134408,1
0.635,0.13288711487363336,2.4741390253246913,1.9185018789663286,3.639236385163558,0.2747829198665964,7.525184070336182,2.067792051380575,1
0.64,0.13255531201283924,2.467961403006788,1.9057544052318323,3.6635790129996213,0.2729571264743194,7.544020566321329,2.0591941758462378,1
0.645,0.1322243376231767,2.4617992054556876,1.8930916320068287,3.6880844671726543,0.2711434645548171,7.562904212459574,2.050632050262509,1
0.65,0.13189418963605473,2.455652394157635,1.8805129964993126,3.7127538368179875,0.26934185350059436,7.581835126773765,2.0421055259811594,1
0.655,0.1315648659880473,2.4495209306950394,1.8680179396567465,3.737588218356112,0.2675522132397522,7.600813427582179,2.033614454972039,1
0.66,0.1312363646208806,2.443404776746234,1.8556059061412136,3.7625887155414057,0.2657744642324289,7.619839233499259,2.025158689820507,1
0.665,0.13090868348141996,2.4373038940852374,1.843276344304737,3.787756439511191,0.26400852746726494,7.638912663436352,2.0167380837248743,1
0.67,0.1305818205216572,2.4312182445815127,1.8310287061647614,3.813092508835122,0.26225432445789104,7.658033836602457,2.008352490493849,1
0.675,0.1302557736986978,2.425147790199731,1.8188624473797972,3.838598049564892,0.2605117772394405,7.677202872504969,2.0000017645440074,1
0.68,0.12993054097474802,2.419092492999532,1.8067770272252293,3.8642741952842914,0.2587808083650831,7.696419890950426,1.991685760897256,1
0.685,0.12960612031710228,2.413052315135289,1.7947719085692837,3.890122087159576,0.2570613409025842,7.715685012045254,1.9834043351783244,1
0.6900000000000001,0.12928250969813043,2.407027218855871,1.782846557849155,3.916142873990194,0.2553532984308846,7.734998356196524,1.9751573436122527,1
0.6950000000000001,0.12895970709526502,2.4010171665044058,1.771000445047293,3.9423377122598464,0.25365660503670423,7.7543600441126985,1.966944643021895,1
0.7000000000000001,0.12863771049098877,2.3950221205180475,1.759233043667845,3.9687077661878774,0.2519711853111687,7.773770196804391,1.9587660908254396,1
0.705,0.12831651787282178,2.3890420434277377,1.7475438307132574,3.995254207781028,0.25029696434645693,7.7932289355851205,1.9506215450339255,1
0.71,0.12799612723330925,2.3830768978579777,1.73593228666103,4.021978216885509,0.24863386773247317,7.812736382072063,1.9425108642487863,1
0.715,0.12767653657000855,2.3771266465265857,1.724397895440627,4.048880981239465,0.24698182155353812,7.832292658186828,1.9344339076593862,1
0.72,0.12735774388547702,2.3711912522444725,1.7129401444105399,4.075963696525739,0.24534075238510533,7.851897886156202,1.9263905350405808,1
0.725,0.12703974718725936,2.3652706779154045,1.7015585243355036,4.103227566425021,0.24371058729049733,7.871552188512925,1.9183806067502844,1
0.73,0.12672254448787518,2.359364886535774,1.6902525293638635,4.130673802669349,0.24209125381766386,7.891255688096447,1.9104039837270406,1
0.735,0.12640613380480653,2.353473841194363,1.6790216570050929,4.158303625095967,0.24048267999596148,7.911008508053709,1.9024605274876087,1
0.74,0.12609051316048567,2.347597505072122,1.6678654081074609,4.186118261701528,0.23888479433295584,7.930810771839897,1.8945501001245646,1
0.745,0.12577568058228247,2.3417358414419285,1.6567832868358463,4.214118948696686,0.237297525811243,7.950662603219228,1.8866725643038993,1
0.75,0.12546163410249236,2.3358888136683675,1.6457748006497022,4.242306930561022,0.2357208038852944,7.970564126265708,1.8788277832626419,1
0.755,0.1251483717583238,2.3300563852074956,1.6348394602811631,4.270683460098374,0.2341545584783203,7.990515465363924,1.8710156208064799,1
0.76,0.1248358915918861,2.3242385196066158,1.623976779713302,4.299249798492502,0.23259871997915593,8.01051674520981,1.863235941307396,1
0.765,0.12452419165017724,2.31843518050405,1.6131862761585276,4.328007215363147,0.23105321923916747,8.030568090811427,1.8554886097013152,1
0.77,0.12421326998507153,2.3126463316289088,1.602467470037128,4.356956988822463,0.2295179875691786,8.050669627489754,1.847773491485757,1
0.775,0.12390312465330755,2.306871936800868,1.5918198849559555,4.386100405531811,0.2279929567364181,8.07082148087946,1.8400904527175044,1
0.78,0.12359375371647599,2.3011119599299423,1.5812430476872539,4.415438760758953,0.22647805896148673,8.091023776929694,1.8324393600102742,1
0.785,0.1232851552410075,2.295366365016257,1.5707364881476256,4.444973358435617,0.22497322691534516,8.11127664190487,1.8248200805324035,1
0.79,0.12297732729816059,2.2896351161498245,1.5602997393771394,4.47470551121545,0.22347839371632153,8.131580202385463,1.8172324820045438,1
0.795,0.1226702679640096,2.283918177510321,1.5499323375185765,4.504636540532361,0.22199349292713844,8.15193458526879,1.8096764326973624,1
0.8,0.1223639753194327,2.278215513366862,1.5396338217968144,4.534767776659243,0.2205184585519611,8.172339917769813,1.8021518014292595,1
0.805,0.12205844745009986,2.2725270880777773,1.529403734498348,4.565100558767111,0.21905322503346308,8.192796327421924,1.7946584575640845,1
0.81,0.12175368244646091,2.2668528660903906,1.5192416209509467,4.595636234984604,0.21759772724991366,8.21330394207775,1.7871962710088751,1
0.8150000000000001,0.1214496784037336,2.2611928119407962,1.5091470295034468,4.626376162457913,0.2161519005122829,8.23386288990995,1.7797651122115936,1
0.8200000000000001,0.12114643342189164,2.2555468902536373,1.4991195115056777,4.657321707411097,0.21471568056136667,8.254473299412016,1.7723648521588808,1
0.8250000000000001,0.12084394560565292,2.249915065741884,1.4891586212885224,4.688474245206808,0.21328900356493055,8.275135299399073,1.7649953623738117,1
0.8300000000000001,0.12054221306446762,2.2442973032066162,1.4792639161441092,4.7198351604074045,0.2118718061148734,8.295849019008688,1.7576565149136716,1
0.835,0.12024123391250638,2.2386935675367994,1.4694349563061366,4.751405846836501,0.21046402522440866,8.316614587701675,1.7503481823677303,1
0.84,0.11994100626864847,2.233103823709066,1.4596713049303267,4.783187707640918,0.20906559832526472,8.337432135262912,1.7430702378550302,1
0.845,0.11964152825647019,2.227528036787501,1.4499725280750113,4.81518215535303,0.20767646326490508,8.35830179180213,1.7358225550221855,1
0.85,0.11934279800423298,2.221966171923417,1.440338194681845,4.847390611953561,0.20629655830376484,8.379223687754756,1.7286050080411863,1
0.855,0.11904481364487175,2.21641819435514,1.4307678765566465,4.879814508934771,0.20492582211250748,8.400197953882708,1.7214174716072173,1
0.86,0.11874757331598335,2.2108840694077925,1.421261148350368,4.912455287364083,0.20356419376929907,8.421224721275214,1.7142598209364792,1
0.865,0.1184510751598147,2.205363762493076,1.4118175875401915,4.945314397948138,0.20221161275709998,8.442304121349643,1.7071319317640234,1
0.87,0.11815531732325141,2.1998572391090545,1.4024367744107484,4.978393301097257,0.20086801896097606,8.46343628585231,1.7000336803415947,1
0.875,0.11786029795780598,2.1943644648399374,1.3931182920354663,5.01169346699036,0.19953335266542618,8.484621346859315,1.692964943435483,1
0.88,0.11756601521960647,2.1888854053558693,1.3838617262580395,5.045216375640299,0.19820755455172878,8.505859436777357,1.685925598324385,1
0.885,0.11727246726938477,2.18342002641271,1.3746666656740207,5.078963516959646,0.19689056569530491,8.527150688344566,1.6789155227972703,1
0.89,0.11697965227246523,2.177968293851823,1.365532701612537,5.1129363908269045,0.19558232756309962,8.548495234631337,1.6719345951512623,1
0.895,0.11668756839875323,2.1725301735998626,1.3564594281181266,5.147136507153165,0.1942827820109809,8.56989320904115,1.6649826941895272,1
0.9,0.11639621382272354,2.1671056316685586,1.3474464419326961,5.181565385949235,0.19299187128115441,8.591344745311417,1.6580596992191634,1
0.905,0.11610558672340913,2.1616946341545074,1.338493342477598,5.216224557393171,0.19170953799959753,8.612849977514308,1.6511654900491122,1
0.91,0.11581568528438971,2.1562971472389565,1.3295997318358277,5.251115561898295,0.19043572517350899,8.634409040057596,1.64429994698807,1
0.915,0.1155265076937803,2.1509131371875947,1.3207652147343365,5.286239950181666,0.18917037618877558,8.656022067685491,1.6374629508424074,1
0.92,0.11523805214422005,2.1455425703503423,1.3119893985264661,5.321599283332985,0.18791343480745648,8.677689195479486,1.630654382914104,1
0.925,0.11495031683286083,2.140185413161139,1.3032718931744958,5.357195132883991,0.1866648451652834,8.699410558859201,1.6238741249986843,1
0.93,0.11466329996135598,2.134841632137734,1.2946123112323085,5.393029080878307,0.1854245517691776,8.721186293583228,1.6171220593831654,1
0.935,0.11437699973584917,2.1295111938814797,1.28601026782817,5.429102719941735,0.18419249949478428,8.743016535749977,1.6103980688440183,1
0.9400000000000001,0.11409141436696302,2.124194065077119,1.2774653806476242,5.465417653353063,0.18296863358402166,8.764901421798536,1.6037020366451267,1
0.9450000000000001,0.11380654206978805,2.11889021249258,1.268977269916501,5.501975495115311,0.18175289964264768,8.786841088509512,1.5970338465357625,1
0.9500000000000001,0.11352238106387147,2.113599602978766,1.2605455583840373,5.538777870027464,0.18054524363784272,8.808835673005897,1.59039338274857,1
0.9550000000000001,0.1132389295732061,2.108322203469351,1.2521698713061102,5.575826413756684,0.17934561189580778,8.830885312753908,1.5837805299975516,1
0.96,0.11295618582621918,2.103057980980571,1.2438498364285826,5.613122772911013,0.17815395109937912,8.852990145563872,1.5771951734760714,1
0.965,0.11267414805576136,2.097806902611018,1.2355850839707565,5.650668605112558,0.17697020828565838,8.875150309591065,1.5706371988548562,1
0.97,0.11239281449909568,2.0925689355414354,1.22737524660894,5.6884655790711465,0.1757943308436591,8.897365943336583,1.5641064922800163,1
0.975,0.11211218339788646,2.0873440470345113,1.2192199594601212,5.726515374658514,0.174626266511968,8.91963718564821,1.5576029403710645,1
0.98,0.11183225299818844,2.082132204434676,1.2111188600657512,5.764819682982949,0.17346596337642256,8.941964175721282,1.5511264302189502,1
0.985,0.11155302155043569,2.076933375167896,1.2030715883756347,5.8033802064644595,0.17231336986780346,8.964347053099562,1.5446768493840988,1
0.99,0.11127448730943075,2.0717475267414716,1.1950777867319269,5.842198658910437,0.17116843475954288,8.986785957676103,1.538254085894458,1
0.995,0.11099664853433373,2.0665746267438334,1.1871370998532393,5.8812767655918226,0.17003110716544756,9.009281029694133,1.531858028243557,1
1.0,0.11071950348865135,2.061414642844339,1.1792491748188478,5.920616263319793,0.16890133653743714,9.031832409747928,1.5254885653885666,1
1.0050000000000001,0.1104430504402262,2.0562675427930737,1.171413661053008,5.960218900522944,0.16777907266329783,9.054440238783682,1.5191455867483752,1
1.01,0.11016728766122583,2.051133294420644,1.163630210309374,6.0000864373250025,0.16666426566445042,9.077104658100403,1.5128289822016658,1
1.0150000000000001,0.10989221342813194,2.046011865637981,1.1558984766555203,6.040220645623057,0.16555686599373368,9.099825809350786,1.5065386420850073,1
1.02,0.1096178260217297,2.0409032244361387,1.1482181164575678,6.080623309166305,0.1644568244332022,9.1226038345421,1.5002744571909472,1
1.025,0.10934412372709695,2.035807338886093,1.1405887883649093,6.121296223635329,0.16336409209193894,9.14543887603707,1.4940363187661188,1
1.03,0.10907110483359339,2.030724177138542,1.1330101532950407,6.16224119672192,0.162278620403882,9.168331076554793,1.48782411850935,1
1.035,0.10879876763485012,2.025653707423708,1.1254818744184893,6.20346004820939,0.1612003611256668,9.191280579171586,1.4816377485697876,1
1.04,0.10852711042875873,2.0205958980511403,1.1180036171438434,6.244954610053482,0.16012926633448116,9.214287527321918,1.4754771015450192,1
1.045,0.10825613151746079,2.0155507174095124,1.1105750491028825,6.28672672646378,0.15906528842593576,9.23735206479929,1.4693420704792124,1
1.05,0.10798582920733724,2.0105181339664298,1.1031958401358033,6.328778253985661,0.15800838011194848,9.260474335757138,1.4632325488612576,1
1.055,0.10771620180899773,2.005498116268228,1.095865662276549,6.37111106158283,0.15695849441864249,9.283654484709729,1.4571484306229172,1
1.06,0.10744724763727018,2.0004906329397825,1.0885841897382298,6.413727030720369,0.15591558468425856,9.30689265653307,1.451089610136986,1
1.065,0.10717896501119013,1.9954956526843044,1.081351098898646,6.456628055448363,0.1548796045570814,9.330188996465807,1.4450559822154567,1
1.07,0.10691135225399026,1.9905131442831507,1.074166068285902,6.499816042486093,0.15385050799337904,9.353543650110149,1.4390474421076913,1
1.075,0.10664440769309003,1.985543076595629,1.0670287785641221,6.543292911306748,0.15282824925535726,9.37695676343275,1.4330638854986084,1
1.08,0.10637812966008503,1.9805854185587994,1.0599389125192544,6.587060594222768,0.15181278290912606,9.400428482765644,1.427105208506866,1
1.085,0.10611251649073669,1.975640139187283,1.052896155044975,6.631121036471713,0.15080406382268058,9.423958954807155,1.4211713076830603,1
1.09,0.10584756652496181,1.9707072075730674,1.04590019312868,6.675476196302715,0.14980204716389534,9.447548326622814,1.4152620800079312,1
1.095,0.10558327810682229,1.9657865928853142,1.0389507158375784,6.720128045063507,0.1488066883985318,9.471196745646267,1.4093774228905727,1
1.1,0.10531964958451462,1.9608782643701657,1.032047414304868,6.765078567288054,0.1478179432882587,9.494904359680211,1.4035172341666498,1
1.105,0.1050566793103597,1.9559821913505526,1.0251899817160115,6.810329760784741,0.1468357678886862,9.518671316897311,1.3976814120966286,1
1.11,0.10479436564079243,1.9510983432260023,1.0183781132950978,6.855883636725175,0.14586011854741257,9.542497765841127,1.3918698553640063,1
1.115,0.10453270693635158,1.946226689472449,1.011611506291299,6.901742219733557,0.1448909519020844,9.566383855427041,1.386082463073556,1
1.12,0.10427170156166934,1.9413671996420399,1.004889859965411,6.947907547976687,0.1439282248784689,9.590329734943191,1.3803191347495707,1
1.125,0.10401134788546129,1.9365198433629482,0.9982128755764916,6.994381673254528,0.1429718946885399,9.614335554051406,1.3745797703341227,1
1.1300000000000001,0.10375164428051609,1.9316845903391808,0.9915802563685794,7.041166661091412,0.14202191882857598,9.63840146278813,1.3688642701853238,1
1.135,0.10349258912368538,1.9268614103503916,0.9849917075575071,7.088264590827831,0.14107825507727148,9.662527611565372,1.363172535075598,1
1.1400000000000001,0.1032341807958736,1.9220502732516895,0.9784469363177981,7.135677555712853,0.14014086149385996,9.686714151171637,1.3575044661899576,1
1.145,0.10297641768202782,1.9172511489734516,0.9719456517696539,7.183407662997177,0.13920969641624986,9.710961232772881,1.3518599651242844,1
1.1500000000000001,0.10271929817112778,1.9124640075211359,0.9654875649660237,7.231457034026754,0.13828471845917356,9.735269007913441,1.3462389338836283,1
1.155,0.1024628206561757,1.9076888189750931,0.9590723888797651,7.279827804337096,0.13736588651234732,9.759637628516987,1.340641274880499,1
1.16,0.10220698353418621,1.9029255534903782,0.9526998383908845,7.3285221237481855,0.1364531597386443,9.784067246887487,1.335066890933176,1
1.165,0.10195178520617654,1.8981741812965671,0.9463696302738663,7.377542156460004,0.1355464975722801,9.808558015710126,1.329515685264021,1
1.17,0.10169722407715628,1.8934346726975684,0.9400814831850864,7.426890081148743,0.1346458597170091,9.833110088052292,1.3239875614977958,1
1.175,0.10144329855611754,1.8887069980714373,0.933835117650305,7.476568091063626,0.1337512061443339,9.85772361736452,1.3184824236599908,1
1.18,0.10119000705602503,1.8839911278701928,0.9276302560522485,7.526578394124374,0.13286249709172634,9.882398757481441,1.3130001761751582,1
1.185,0.10093734799380596,1.8792870326196294,0.9214666226182683,7.576923213019372,0.13197969306085977,9.90713566262277,1.3075407238652506,1
1.19,0.10068531979034048,1.8745946829191382,0.9153439434080868,7.627604785304391,0.13110275481585448,9.931934487394235,1.302103971947976,1
1.195,0.1004339208704514,1.869914049441517,0.9092619463016195,7.6786253635021176,0.13023164338153273,9.956795386788581,1.296689826035141,1
1.2,0.10018314966289472,1.865245102932792,0.9032203609868833,7.72998721520219,0.1293663200416876,9.981718516186504,1.2912981921310225,1
1.205,0.09993300460034954,1.8605878142120318,0.8972189189479802,7.781692623162035,0.1285067463373614,10.006704031357646,1.2859289766307287,1
1.21,0.0996834841194084,1.8559421541711671,0.8912573534531657,7.833743885408294,0.1276528840651369,10.03175208846156,1.2805820863185784,1
1.215,0.09943458666056752,1.8513080937748077,0.8853353995429915,7.886143315338964,0.1268046952754393,10.05686284404868,1.2752574283664808,1
1.22,0.09918631066821694,1.8466856040600605,0.8794527940185316,7.938893241826229,0.12596214227084937,10.082036455061314,1.269954910332323,1
1.225,0.0989386545906309,1.8420746561363501,0.8736092754296828,7.991996009319945,0.12512518760442826,10.10727307883461,1.2646744401583676,1
1.23,0.09869161687995813,1.837475221185237,0.8678045840635464,8.045453977951855,0.12429379407805298,10.13257287309755,1.2594159261696525,1
1.235,0.0984451959922121,1.8328872704602373,0.8620384619328837,8.099269523640476,0.12346792474076328,10.157935995973933,1.2541792770723998,1
1.24,0.0981993903872615,1.8283107752866445,0.856310652764651,8.153445038196697,0.12264754288711936,10.183362605983355,1.248964401952431,1
1.245,0.09795419852882047,1.8237457070613488,0.8506209019886087,8.20798292943008,0.12183261205557049,10.208852862042214,1.2437712102735894,1
1.25,0.09770961888443913,1.8191920372526595,0.8449689567260086,8.262885621255878,0.12102309602683449,10.23440692346469,1.2385996118761669,1
1.2550000000000001,0.09746564992549386,1.8146497374001245,0.8393545657783523,8.318155553802772,0.12021895882228781,10.260024949963755,1.2334495169753381,1
1.26,0.09722229012717791,1.8101187791143551,0.8337774796162299,8.3737951835213,0.11942016470236685,10.285707101652156,1.2283208361596047,1
1.2650000000000001,0.09697953796849172,1.8055991340768478,0.8282374503682266,8.429806983293059,0.11862667816497921,10.311453539043423,1.22321348038924,1
1.27,0.09673739193223353,1.8010907740398059,0.8227342318099088,8.486193442540587,0.11783846394392597,10.337264423052876,1.218127360994745,1
1.2750000000000001,0.09649585050498981,1.7965936708259644,0.8172675793528786,8.542957067338026,0.11705548700733417,10.363139914998625,1.2130623896753077,1
1.28,0.09625491217712587,1.7921077963284144,0.8118372500339054,8.600100380522482,0.11627771255610006,10.389080176602574,1.2080184784972714,1
1.285,0.09601457544277638,1.7876331225104252,0.8064430025041252,8.657625921806172,0.1155051060223422,10.415085369991443,1.2029955398926067,1
1.29,0.09577483879983592,1.7831696214052704,0.8010845970183151,8.715536247889297,0.11473763306786511,10.441155657697783,1.197993486657392,1
1.295,0.09553570074994974,1.7787172651160539,0.7957617954242387,8.77383393257365,0.11397525958263352,10.46729120266097,1.1930122319503003,1
1.3,0.09529715979850424,1.7742760258155346,0.7904743611520597,8.832521566877038,0.11321795168325588,10.493492168228247,1.1880516892910897,1
1.305,0.0950592144546177,1.7698458757459523,0.7852220592038293,8.891601759148422,0.11246567571147871,10.519758718155733,1.1831117725591036,1
1.31,0.09482186323113093,1.7654267872188547,0.7800046561430403,8.951077135183857,0.11171839823269045,10.546091016609452,1.178192395991774,1
1.315,0.094585104644598,1.7610187326149238,0.774821920084254,9.010950338343177,0.11097608603443572,10.572489228166356,1.1732934741831345,1
1.32,0.09434893721527701,1.7566216843838045,0.7696736206827918,9.071224029667485,0.11023870612493912,10.598953517815351,1.1684149220823363,1
1.325,0.09411335946712075,1.7522356150439307,0.7645595291245001,9.131900887997428,0.10950622573163889,10.625484050958333,1.163556654992172,1
1.33,0.0938783699277675,1.7478604971823548,0.7594794181155784,9.19298361009226,0.10877861229973021,10.652080993411223,1.1587185885676043,1
1.335,0.09364396712853193,1.7434963034545763,0.7544330618724794,9.25447491074967,0.10805583349071869,10.678744511404993,1.153900638814304,1
1.34,0.0934101496043957,1.7391430065843692,0.7494202361118724,9.3163775229265,0.10733785718098249,10.705474771586726,1.149102722087187,1
1.345,0.0931769158939986,1.734800579363615,0.7444407180406766,9.378694197860122,0.10662465146034548,10.732271941020628,1.14432475508897,1
1.35,0.09294426453962913,1.7304689946521288,0.7394942863461574,9.441427705190806,0.10591618463065809,10.759136187189096,1.1395666548687151,1
1.355,0.09271219408721558,1.726148225377492,0.7345807211860927,9.504580833084761,0.10521242520438903,10.786067677993758,1.1348283388203964,1
1.36,0.09248070308631688,1.721838244534883,0.7296998041789994,9.568156388358059,0.10451334190322581,10.813066581756518,1.1301097246814642,1
1.365,0.09224979009011353,1.7175390251869074,0.7248513183944294,9.6321571966014,0.1038189036566844,10.840133067220613,1.1254107305314156,1
1.37,0.09201945365539851,1.71325054046343,0.7200350483433275,9.69658610230569,0.10312907960072838,10.867267303551666,1.1207312747903726,1
1.375,0.09178969234256838,1.7089727635614074,0.7152507799684543,9.761445968988458,0.10244383907639723,10.89446946033874,1.116071276217666,1
1.3800000000000001,0.0915605047156142,1.70470566774472,0.7104983006348721,9.826739679321111,0.10176315162844386,10.921739707595407,1.1114306539104275,1
1.385,0.09133188934211255,1.7004492263440059,0.7057773991204951,9.892470135257081,0.10108698700398072,10.949078215760794,1.1068093273021797,1
1.3900000000000001,0.09110384479321657,1.6962034127564911,0.7010878656067008,9.958640258160795,0.10041531515113533,10.976485155700676,1.1022072161614422,1
1.395,0.09087636964364712,1.6919682004458279,0.6964294916690059,10.025252988937487,0.09974810621771488,11.00396069870851,1.0976242405903367,1
1.4000000000000001,0.09064946247168376,1.6877435629419248,0.6918020702678015,10.092311288163938,0.09908533054987911,11.031505016506532,1.0930603210231993,1
1.405,0.09042312185915594,1.6835294738407844,0.687205395739153,10.159818136220041,0.09842695869082257,11.059118281246816,1.088515378225201,1
1.41,0.09019734639143408,1.6793259068043356,0.6826392637856576,10.227776533421263,0.09777296137946544,11.086800665512358,1.0839893332909714,1
1.415,0.08997213465742077,1.6751328355602708,0.6781034714673658,10.296189500152007,0.09712330954915278,11.11455234231815,1.0794821076432268,1
1.42,0.08974748524954196,1.6709502339018814,0.6735978171927616,10.365060076999821,0.09647797432636311,11.14237348511226,1.0749936230314097,1
1.425,0.0895233967637381,1.6667780756878932,0.6691221007098017,10.434391324890578,0.09583692702942466,11.170264267776924,1.0705238015303267,1
1.43,0.08929986779945544,1.6626163348423035,0.6646761230970173,10.504186325224484,0.09520013916724093,11.198224864629623,1.0660725655387977,1
1.435,0.08907689695963719,1.6584649853542186,0.6602596867546711,10.57444818001305,0.09456758243802428,11.22625545042418,1.061639837778308,1
1.44,0.08885448285071494,1.6543240012776914,0.6558725953959769,10.64518001201692,0.0939392287280384,11.254356200351841,1.0572255412916687,1
1.445,0.08863262408259971,1.6501933567315565,0.6515146540383738,10.716384964884746,0.093315050110348,11.282527290042394,1.0528295994416748,1
1.45,0.08841131926867353,1.6460730258992735,0.6471856689948625,10.7880662032928,0.09269501884357864,11.310768895565236,1.0484519359097828,1
1.455,0.08819056702578058,1.6419629830287605,0.6428854478653947,10.860226913085704,0.09207910737068302,11.339081193430493,1.044092474694779,1
1.46,0.08797036597421862,1.6378632024322366,0.6386137995283238,10.932870301417996,0.09146728831771651,11.367464360590121,1.0397511401114636,1
1.465,0.08775071473773036,1.6337736584860592,0.634370534131909,11.00599959689667,0.09085953449262048,11.395918574439007,1.0354278567893351,1
1.47,0.08753161194349486,1.629694325630566,0.6301554630858792,11.079618049724669,0.09025581888401381,11.424444012816076,1.0311225496712837,1
1.475,0.08731305622211893,1.6256251783699127,0.625968399053049,11.153728931845357,0.08965611465999222,11.453040854005417,1.026835144012285,1
1.48,0.08709504620762862,1.621566191271916,0.6218091559409951,11.228335537087915,0.08906039516693598,11.481709276737377,1.0225655653781054,1
1.485,0.08687758053746061,1.6175173389678932,0.6176775488937827,11.30344118131374,0.0884686339283251,11.510449460189692,1.0183137396440092,1
1.49,0.08666065785245376,1.613478596152504,0.6135733942837523,11.379049202563834,0.08788080464356268,11.539261583988603,1.01407959299347,1
1.495,0.08644427679684061,1.6094499375835936,0.6094965097033566,11.455162961207135,0.087296881186806,11.568145828209975,1.0098630519168916,1
1.5,0.08622843601823882,1.6054313380820318,0.6054467139570543,11.531785840089896,0.08671683760580526,11.59710237338043,1.0056640432103294,1
